USE [master]
GO
/****** Object:  Database [PRUEBA_TECNICA]    Script Date: 28/01/2021 20:32:09 ******/
CREATE DATABASE [PRUEBA_TECNICA]
 CONTAINMENT = NONE
 ON  PRIMARY 
( NAME = N'PRUEBA_TECNICA', FILENAME = N'C:\Program Files\Microsoft SQL Server\MSSQL14.MSSQLSERVER\MSSQL\DATA\PRUEBA_TECNICA.mdf' , SIZE = 8192KB , MAXSIZE = UNLIMITED, FILEGROWTH = 65536KB )
 LOG ON 
( NAME = N'PRUEBA_TECNICA_log', FILENAME = N'C:\Program Files\Microsoft SQL Server\MSSQL14.MSSQLSERVER\MSSQL\DATA\PRUEBA_TECNICA_log.ldf' , SIZE = 8192KB , MAXSIZE = 2048GB , FILEGROWTH = 65536KB )
GO
ALTER DATABASE [PRUEBA_TECNICA] SET COMPATIBILITY_LEVEL = 140
GO
IF (1 = FULLTEXTSERVICEPROPERTY('IsFullTextInstalled'))
begin
EXEC [PRUEBA_TECNICA].[dbo].[sp_fulltext_database] @action = 'enable'
end
GO
ALTER DATABASE [PRUEBA_TECNICA] SET ANSI_NULL_DEFAULT OFF 
GO
ALTER DATABASE [PRUEBA_TECNICA] SET ANSI_NULLS OFF 
GO
ALTER DATABASE [PRUEBA_TECNICA] SET ANSI_PADDING OFF 
GO
ALTER DATABASE [PRUEBA_TECNICA] SET ANSI_WARNINGS OFF 
GO
ALTER DATABASE [PRUEBA_TECNICA] SET ARITHABORT OFF 
GO
ALTER DATABASE [PRUEBA_TECNICA] SET AUTO_CLOSE OFF 
GO
ALTER DATABASE [PRUEBA_TECNICA] SET AUTO_SHRINK OFF 
GO
ALTER DATABASE [PRUEBA_TECNICA] SET AUTO_UPDATE_STATISTICS ON 
GO
ALTER DATABASE [PRUEBA_TECNICA] SET CURSOR_CLOSE_ON_COMMIT OFF 
GO
ALTER DATABASE [PRUEBA_TECNICA] SET CURSOR_DEFAULT  GLOBAL 
GO
ALTER DATABASE [PRUEBA_TECNICA] SET CONCAT_NULL_YIELDS_NULL OFF 
GO
ALTER DATABASE [PRUEBA_TECNICA] SET NUMERIC_ROUNDABORT OFF 
GO
ALTER DATABASE [PRUEBA_TECNICA] SET QUOTED_IDENTIFIER OFF 
GO
ALTER DATABASE [PRUEBA_TECNICA] SET RECURSIVE_TRIGGERS OFF 
GO
ALTER DATABASE [PRUEBA_TECNICA] SET  DISABLE_BROKER 
GO
ALTER DATABASE [PRUEBA_TECNICA] SET AUTO_UPDATE_STATISTICS_ASYNC OFF 
GO
ALTER DATABASE [PRUEBA_TECNICA] SET DATE_CORRELATION_OPTIMIZATION OFF 
GO
ALTER DATABASE [PRUEBA_TECNICA] SET TRUSTWORTHY OFF 
GO
ALTER DATABASE [PRUEBA_TECNICA] SET ALLOW_SNAPSHOT_ISOLATION OFF 
GO
ALTER DATABASE [PRUEBA_TECNICA] SET PARAMETERIZATION SIMPLE 
GO
ALTER DATABASE [PRUEBA_TECNICA] SET READ_COMMITTED_SNAPSHOT OFF 
GO
ALTER DATABASE [PRUEBA_TECNICA] SET HONOR_BROKER_PRIORITY OFF 
GO
ALTER DATABASE [PRUEBA_TECNICA] SET RECOVERY SIMPLE 
GO
ALTER DATABASE [PRUEBA_TECNICA] SET  MULTI_USER 
GO
ALTER DATABASE [PRUEBA_TECNICA] SET PAGE_VERIFY CHECKSUM  
GO
ALTER DATABASE [PRUEBA_TECNICA] SET DB_CHAINING OFF 
GO
ALTER DATABASE [PRUEBA_TECNICA] SET FILESTREAM( NON_TRANSACTED_ACCESS = OFF ) 
GO
ALTER DATABASE [PRUEBA_TECNICA] SET TARGET_RECOVERY_TIME = 60 SECONDS 
GO
ALTER DATABASE [PRUEBA_TECNICA] SET DELAYED_DURABILITY = DISABLED 
GO
ALTER DATABASE [PRUEBA_TECNICA] SET QUERY_STORE = OFF
GO
USE [PRUEBA_TECNICA]
GO
/****** Object:  Table [dbo].[ESTADOS]    Script Date: 28/01/2021 20:32:09 ******/
SET ANSI_NULLS ON
GO
SET QUOTED_IDENTIFIER ON
GO
CREATE TABLE [dbo].[ESTADOS](
	[ID] [int] IDENTITY(1,1) NOT NULL,
	[DESCRIPCION] [nvarchar](50) NOT NULL,
	[CREADO_EL] [datetime] NOT NULL,
	[CREADO_POR] [nvarchar](10) NOT NULL,
	[MODIFICADO_EL] [datetime] NULL,
	[MODIFICADO_POR] [nvarchar](10) NULL,
 CONSTRAINT [PK_ESTADOS] PRIMARY KEY CLUSTERED 
(
	[ID] ASC
)WITH (PAD_INDEX = OFF, STATISTICS_NORECOMPUTE = OFF, IGNORE_DUP_KEY = OFF, ALLOW_ROW_LOCKS = ON, ALLOW_PAGE_LOCKS = ON) ON [PRIMARY]
) ON [PRIMARY]
GO
/****** Object:  Table [dbo].[PERFIL]    Script Date: 28/01/2021 20:32:09 ******/
SET ANSI_NULLS ON
GO
SET QUOTED_IDENTIFIER ON
GO
CREATE TABLE [dbo].[PERFIL](
	[ID] [int] IDENTITY(1,1) NOT NULL,
	[DESCRIPCION] [nvarchar](50) NOT NULL,
	[CREADO_EL] [datetime] NOT NULL,
	[CREADO_POR] [nvarchar](10) NOT NULL,
	[MODIFICADO_EL] [datetime] NULL,
	[MODIFICADO_POR] [nvarchar](10) NULL,
 CONSTRAINT [PK_PERFIL] PRIMARY KEY CLUSTERED 
(
	[ID] ASC
)WITH (PAD_INDEX = OFF, STATISTICS_NORECOMPUTE = OFF, IGNORE_DUP_KEY = OFF, ALLOW_ROW_LOCKS = ON, ALLOW_PAGE_LOCKS = ON) ON [PRIMARY]
) ON [PRIMARY]
GO
/****** Object:  Table [dbo].[PRIORIDAD]    Script Date: 28/01/2021 20:32:09 ******/
SET ANSI_NULLS ON
GO
SET QUOTED_IDENTIFIER ON
GO
CREATE TABLE [dbo].[PRIORIDAD](
	[ID] [int] IDENTITY(1,1) NOT NULL,
	[DESCRIPCION] [nvarchar](50) NOT NULL,
	[CREADO_EL] [datetime] NOT NULL,
	[CREADO_POR] [nvarchar](10) NOT NULL,
	[MODIFICADO_EL] [datetime] NULL,
	[MODIFICADO_POR] [nvarchar](10) NULL,
 CONSTRAINT [PK_PRIORIDAD] PRIMARY KEY CLUSTERED 
(
	[ID] ASC
)WITH (PAD_INDEX = OFF, STATISTICS_NORECOMPUTE = OFF, IGNORE_DUP_KEY = OFF, ALLOW_ROW_LOCKS = ON, ALLOW_PAGE_LOCKS = ON) ON [PRIMARY]
) ON [PRIMARY]
GO
/****** Object:  Table [dbo].[SOPORTE]    Script Date: 28/01/2021 20:32:09 ******/
SET ANSI_NULLS ON
GO
SET QUOTED_IDENTIFIER ON
GO
CREATE TABLE [dbo].[SOPORTE](
	[ID] [int] IDENTITY(1,1) NOT NULL,
	[ID_USUARIO] [int] NOT NULL,
	[ID_CLASIFICACION] [int] NOT NULL,
	[ID_PRIORIDAD] [int] NOT NULL,
	[ID_ESTADO] [int] NOT NULL,
	[ASUNTO] [nvarchar](50) NOT NULL,
	[HORAS] [numeric](18, 4) NOT NULL,
	[CREADO_EL] [datetime] NOT NULL,
	[CREADO_POR] [nvarchar](10) NOT NULL,
	[MODIFICADO_EL] [datetime] NULL,
	[MODIFICADO_POR] [nvarchar](10) NULL,
 CONSTRAINT [PK_SOPORTE] PRIMARY KEY CLUSTERED 
(
	[ID] ASC
)WITH (PAD_INDEX = OFF, STATISTICS_NORECOMPUTE = OFF, IGNORE_DUP_KEY = OFF, ALLOW_ROW_LOCKS = ON, ALLOW_PAGE_LOCKS = ON) ON [PRIMARY]
) ON [PRIMARY]
GO
/****** Object:  Table [dbo].[TIPO_SOPORTE]    Script Date: 28/01/2021 20:32:09 ******/
SET ANSI_NULLS ON
GO
SET QUOTED_IDENTIFIER ON
GO
CREATE TABLE [dbo].[TIPO_SOPORTE](
	[ID] [int] IDENTITY(1,1) NOT NULL,
	[DESCRIPCION] [nvarchar](50) NOT NULL,
	[CREADO_EL] [datetime] NOT NULL,
	[CREADO_POR] [nvarchar](10) NOT NULL,
	[MODIFICADO_EL] [datetime] NULL,
	[MODIFICADO_POR] [nvarchar](10) NULL,
 CONSTRAINT [PK_TIPO_SOPORTE] PRIMARY KEY CLUSTERED 
(
	[ID] ASC
)WITH (PAD_INDEX = OFF, STATISTICS_NORECOMPUTE = OFF, IGNORE_DUP_KEY = OFF, ALLOW_ROW_LOCKS = ON, ALLOW_PAGE_LOCKS = ON) ON [PRIMARY]
) ON [PRIMARY]
GO
/****** Object:  Table [dbo].[USUARIO]    Script Date: 28/01/2021 20:32:09 ******/
SET ANSI_NULLS ON
GO
SET QUOTED_IDENTIFIER ON
GO
CREATE TABLE [dbo].[USUARIO](
	[ID] [int] IDENTITY(1,1) NOT NULL,
	[ID_PERFIL] [int] NOT NULL,
	[NOMBRE_USUARIO] [nvarchar](50) NOT NULL,
	[CREADO_EL] [datetime] NOT NULL,
	[CREADO_POR] [nvarchar](10) NOT NULL,
	[MODIFICADO_EL] [datetime] NULL,
	[MODIFICADO_POR] [nvarchar](10) NULL,
 CONSTRAINT [PK_USUARIO] PRIMARY KEY CLUSTERED 
(
	[ID] ASC
)WITH (PAD_INDEX = OFF, STATISTICS_NORECOMPUTE = OFF, IGNORE_DUP_KEY = OFF, ALLOW_ROW_LOCKS = ON, ALLOW_PAGE_LOCKS = ON) ON [PRIMARY]
) ON [PRIMARY]
GO
SET IDENTITY_INSERT [dbo].[ESTADOS] ON 

INSERT [dbo].[ESTADOS] ([ID], [DESCRIPCION], [CREADO_EL], [CREADO_POR], [MODIFICADO_EL], [MODIFICADO_POR]) VALUES (1, N'Resuelto', CAST(N'2021-01-28T19:41:25.870' AS DateTime), N'mcarpio', NULL, NULL)
INSERT [dbo].[ESTADOS] ([ID], [DESCRIPCION], [CREADO_EL], [CREADO_POR], [MODIFICADO_EL], [MODIFICADO_POR]) VALUES (2, N'Pendiente', CAST(N'2021-01-28T19:41:35.020' AS DateTime), N'mcarpio', NULL, NULL)
SET IDENTITY_INSERT [dbo].[ESTADOS] OFF
GO
SET IDENTITY_INSERT [dbo].[PERFIL] ON 

INSERT [dbo].[PERFIL] ([ID], [DESCRIPCION], [CREADO_EL], [CREADO_POR], [MODIFICADO_EL], [MODIFICADO_POR]) VALUES (2, N'Contador', CAST(N'2021-01-28T19:35:15.910' AS DateTime), N'mcarpio', NULL, NULL)
INSERT [dbo].[PERFIL] ([ID], [DESCRIPCION], [CREADO_EL], [CREADO_POR], [MODIFICADO_EL], [MODIFICADO_POR]) VALUES (3, N'Financiero', CAST(N'2021-01-28T19:35:28.467' AS DateTime), N'mcarpio', NULL, NULL)
INSERT [dbo].[PERFIL] ([ID], [DESCRIPCION], [CREADO_EL], [CREADO_POR], [MODIFICADO_EL], [MODIFICADO_POR]) VALUES (4, N'Asistente Compras', CAST(N'2021-01-28T19:35:38.217' AS DateTime), N'mcarpio', NULL, NULL)
SET IDENTITY_INSERT [dbo].[PERFIL] OFF
GO
SET IDENTITY_INSERT [dbo].[PRIORIDAD] ON 

INSERT [dbo].[PRIORIDAD] ([ID], [DESCRIPCION], [CREADO_EL], [CREADO_POR], [MODIFICADO_EL], [MODIFICADO_POR]) VALUES (1, N'Alta', CAST(N'2021-01-28T19:42:02.210' AS DateTime), N'mcarpio', NULL, NULL)
INSERT [dbo].[PRIORIDAD] ([ID], [DESCRIPCION], [CREADO_EL], [CREADO_POR], [MODIFICADO_EL], [MODIFICADO_POR]) VALUES (2, N'Media', CAST(N'2021-01-28T19:42:13.487' AS DateTime), N'mcarpio', NULL, NULL)
INSERT [dbo].[PRIORIDAD] ([ID], [DESCRIPCION], [CREADO_EL], [CREADO_POR], [MODIFICADO_EL], [MODIFICADO_POR]) VALUES (3, N'Baja', CAST(N'2021-01-28T19:42:28.997' AS DateTime), N'mcarpio', NULL, NULL)
SET IDENTITY_INSERT [dbo].[PRIORIDAD] OFF
GO
SET IDENTITY_INSERT [dbo].[SOPORTE] ON 

INSERT [dbo].[SOPORTE] ([ID], [ID_USUARIO], [ID_CLASIFICACION], [ID_PRIORIDAD], [ID_ESTADO], [ASUNTO], [HORAS], [CREADO_EL], [CREADO_POR], [MODIFICADO_EL], [MODIFICADO_POR]) VALUES (2, 2, 1, 1, 1, N'Problema en Equipo', CAST(1.0000 AS Numeric(18, 4)), CAST(N'2021-01-28T19:50:51.277' AS DateTime), N'mcarpio', NULL, NULL)
INSERT [dbo].[SOPORTE] ([ID], [ID_USUARIO], [ID_CLASIFICACION], [ID_PRIORIDAD], [ID_ESTADO], [ASUNTO], [HORAS], [CREADO_EL], [CREADO_POR], [MODIFICADO_EL], [MODIFICADO_POR]) VALUES (3, 2, 2, 1, 2, N'Activación de office', CAST(1.0000 AS Numeric(18, 4)), CAST(N'2021-01-28T19:51:35.480' AS DateTime), N'mcarpio', NULL, NULL)
INSERT [dbo].[SOPORTE] ([ID], [ID_USUARIO], [ID_CLASIFICACION], [ID_PRIORIDAD], [ID_ESTADO], [ASUNTO], [HORAS], [CREADO_EL], [CREADO_POR], [MODIFICADO_EL], [MODIFICADO_POR]) VALUES (4, 3, 3, 1, 2, N'Problemas con el sistema operativo', CAST(0.5000 AS Numeric(18, 4)), CAST(N'2021-01-28T19:52:27.213' AS DateTime), N'mcarpio', NULL, NULL)
INSERT [dbo].[SOPORTE] ([ID], [ID_USUARIO], [ID_CLASIFICACION], [ID_PRIORIDAD], [ID_ESTADO], [ASUNTO], [HORAS], [CREADO_EL], [CREADO_POR], [MODIFICADO_EL], [MODIFICADO_POR]) VALUES (5, 2, 1, 1, 1, N'Desconexión de red', CAST(0.2000 AS Numeric(18, 4)), CAST(N'2021-01-28T19:53:29.593' AS DateTime), N'mcarpio', NULL, NULL)
INSERT [dbo].[SOPORTE] ([ID], [ID_USUARIO], [ID_CLASIFICACION], [ID_PRIORIDAD], [ID_ESTADO], [ASUNTO], [HORAS], [CREADO_EL], [CREADO_POR], [MODIFICADO_EL], [MODIFICADO_POR]) VALUES (6, 4, 2, 3, 1, N'Problemas de compatibilidad con archivos de excel', CAST(2.0000 AS Numeric(18, 4)), CAST(N'2021-01-28T19:56:02.850' AS DateTime), N'mcarpio', NULL, NULL)
INSERT [dbo].[SOPORTE] ([ID], [ID_USUARIO], [ID_CLASIFICACION], [ID_PRIORIDAD], [ID_ESTADO], [ASUNTO], [HORAS], [CREADO_EL], [CREADO_POR], [MODIFICADO_EL], [MODIFICADO_POR]) VALUES (7, 5, 1, 2, 1, N'Monitor no enciende', CAST(3.0000 AS Numeric(18, 4)), CAST(N'2021-01-28T19:56:58.730' AS DateTime), N'mcarpio', NULL, NULL)
INSERT [dbo].[SOPORTE] ([ID], [ID_USUARIO], [ID_CLASIFICACION], [ID_PRIORIDAD], [ID_ESTADO], [ASUNTO], [HORAS], [CREADO_EL], [CREADO_POR], [MODIFICADO_EL], [MODIFICADO_POR]) VALUES (8, 6, 3, 3, 1, N'Windows no carga', CAST(1.0000 AS Numeric(18, 4)), CAST(N'2021-01-28T19:57:55.150' AS DateTime), N'mcarpio', NULL, NULL)
INSERT [dbo].[SOPORTE] ([ID], [ID_USUARIO], [ID_CLASIFICACION], [ID_PRIORIDAD], [ID_ESTADO], [ASUNTO], [HORAS], [CREADO_EL], [CREADO_POR], [MODIFICADO_EL], [MODIFICADO_POR]) VALUES (9, 7, 2, 3, 1, N'Word no carga', CAST(5.0000 AS Numeric(18, 4)), CAST(N'2021-01-28T19:58:40.043' AS DateTime), N'mcarpio', NULL, NULL)
INSERT [dbo].[SOPORTE] ([ID], [ID_USUARIO], [ID_CLASIFICACION], [ID_PRIORIDAD], [ID_ESTADO], [ASUNTO], [HORAS], [CREADO_EL], [CREADO_POR], [MODIFICADO_EL], [MODIFICADO_POR]) VALUES (10, 8, 4, 3, 1, N'Internet lento', CAST(4.0000 AS Numeric(18, 4)), CAST(N'2021-01-28T19:59:16.967' AS DateTime), N'mcarpio', NULL, NULL)
INSERT [dbo].[SOPORTE] ([ID], [ID_USUARIO], [ID_CLASIFICACION], [ID_PRIORIDAD], [ID_ESTADO], [ASUNTO], [HORAS], [CREADO_EL], [CREADO_POR], [MODIFICADO_EL], [MODIFICADO_POR]) VALUES (11, 9, 4, 3, 1, N'Acceso a carpetas compartidas', CAST(3.0000 AS Numeric(18, 4)), CAST(N'2021-01-28T19:59:42.880' AS DateTime), N'mcarpio', NULL, NULL)
SET IDENTITY_INSERT [dbo].[SOPORTE] OFF
GO
SET IDENTITY_INSERT [dbo].[TIPO_SOPORTE] ON 

INSERT [dbo].[TIPO_SOPORTE] ([ID], [DESCRIPCION], [CREADO_EL], [CREADO_POR], [MODIFICADO_EL], [MODIFICADO_POR]) VALUES (1, N'Hardware', CAST(N'2021-01-28T19:45:33.060' AS DateTime), N'mcarpio', NULL, NULL)
INSERT [dbo].[TIPO_SOPORTE] ([ID], [DESCRIPCION], [CREADO_EL], [CREADO_POR], [MODIFICADO_EL], [MODIFICADO_POR]) VALUES (2, N'Ofimática', CAST(N'2021-01-28T19:45:40.217' AS DateTime), N'mcarpio', NULL, NULL)
INSERT [dbo].[TIPO_SOPORTE] ([ID], [DESCRIPCION], [CREADO_EL], [CREADO_POR], [MODIFICADO_EL], [MODIFICADO_POR]) VALUES (3, N'Sistema Operativo', CAST(N'2021-01-28T19:45:46.867' AS DateTime), N'mcarpio', NULL, NULL)
INSERT [dbo].[TIPO_SOPORTE] ([ID], [DESCRIPCION], [CREADO_EL], [CREADO_POR], [MODIFICADO_EL], [MODIFICADO_POR]) VALUES (4, N'Otros', CAST(N'2021-01-28T19:45:56.640' AS DateTime), N'mcarpio', NULL, NULL)
SET IDENTITY_INSERT [dbo].[TIPO_SOPORTE] OFF
GO
SET IDENTITY_INSERT [dbo].[USUARIO] ON 

INSERT [dbo].[USUARIO] ([ID], [ID_PERFIL], [NOMBRE_USUARIO], [CREADO_EL], [CREADO_POR], [MODIFICADO_EL], [MODIFICADO_POR]) VALUES (2, 2, N'Pedro Lopez', CAST(N'2021-01-28T19:37:31.290' AS DateTime), N'mcarpio', NULL, NULL)
INSERT [dbo].[USUARIO] ([ID], [ID_PERFIL], [NOMBRE_USUARIO], [CREADO_EL], [CREADO_POR], [MODIFICADO_EL], [MODIFICADO_POR]) VALUES (3, 3, N'Jose Martinez', CAST(N'2021-01-28T19:37:51.337' AS DateTime), N'mcarpio', NULL, NULL)
INSERT [dbo].[USUARIO] ([ID], [ID_PERFIL], [NOMBRE_USUARIO], [CREADO_EL], [CREADO_POR], [MODIFICADO_EL], [MODIFICADO_POR]) VALUES (4, 4, N'Carlos Lopez', CAST(N'2021-01-28T19:38:05.973' AS DateTime), N'mcarpio', NULL, NULL)
INSERT [dbo].[USUARIO] ([ID], [ID_PERFIL], [NOMBRE_USUARIO], [CREADO_EL], [CREADO_POR], [MODIFICADO_EL], [MODIFICADO_POR]) VALUES (5, 2, N'Arturo Cruz', CAST(N'2021-01-28T19:38:23.257' AS DateTime), N'mcarpio', NULL, NULL)
INSERT [dbo].[USUARIO] ([ID], [ID_PERFIL], [NOMBRE_USUARIO], [CREADO_EL], [CREADO_POR], [MODIFICADO_EL], [MODIFICADO_POR]) VALUES (6, 3, N'Maria Perez', CAST(N'2021-01-28T19:38:37.187' AS DateTime), N'mcarpio', NULL, NULL)
INSERT [dbo].[USUARIO] ([ID], [ID_PERFIL], [NOMBRE_USUARIO], [CREADO_EL], [CREADO_POR], [MODIFICADO_EL], [MODIFICADO_POR]) VALUES (7, 3, N'Jose Martinez', CAST(N'2021-01-28T19:38:47.367' AS DateTime), N'mcarpio', NULL, NULL)
INSERT [dbo].[USUARIO] ([ID], [ID_PERFIL], [NOMBRE_USUARIO], [CREADO_EL], [CREADO_POR], [MODIFICADO_EL], [MODIFICADO_POR]) VALUES (8, 4, N'Juan Lopez', CAST(N'2021-01-28T19:39:11.050' AS DateTime), N'mcarpio', NULL, NULL)
INSERT [dbo].[USUARIO] ([ID], [ID_PERFIL], [NOMBRE_USUARIO], [CREADO_EL], [CREADO_POR], [MODIFICADO_EL], [MODIFICADO_POR]) VALUES (9, 2, N'Arturo Cruz', CAST(N'2021-01-28T19:39:25.823' AS DateTime), N'mcarpio', NULL, NULL)
SET IDENTITY_INSERT [dbo].[USUARIO] OFF
GO
ALTER TABLE [dbo].[SOPORTE]  WITH CHECK ADD  CONSTRAINT [FK_SOPORTE_ESTADOS] FOREIGN KEY([ID_ESTADO])
REFERENCES [dbo].[ESTADOS] ([ID])
GO
ALTER TABLE [dbo].[SOPORTE] CHECK CONSTRAINT [FK_SOPORTE_ESTADOS]
GO
ALTER TABLE [dbo].[SOPORTE]  WITH CHECK ADD  CONSTRAINT [FK_SOPORTE_PRIORIDAD] FOREIGN KEY([ID_PRIORIDAD])
REFERENCES [dbo].[PRIORIDAD] ([ID])
GO
ALTER TABLE [dbo].[SOPORTE] CHECK CONSTRAINT [FK_SOPORTE_PRIORIDAD]
GO
ALTER TABLE [dbo].[SOPORTE]  WITH CHECK ADD  CONSTRAINT [FK_SOPORTE_TIPO_SOPORTE] FOREIGN KEY([ID_CLASIFICACION])
REFERENCES [dbo].[TIPO_SOPORTE] ([ID])
GO
ALTER TABLE [dbo].[SOPORTE] CHECK CONSTRAINT [FK_SOPORTE_TIPO_SOPORTE]
GO
ALTER TABLE [dbo].[SOPORTE]  WITH CHECK ADD  CONSTRAINT [FK_SOPORTE_USUARIO] FOREIGN KEY([ID_USUARIO])
REFERENCES [dbo].[USUARIO] ([ID])
GO
ALTER TABLE [dbo].[SOPORTE] CHECK CONSTRAINT [FK_SOPORTE_USUARIO]
GO
ALTER TABLE [dbo].[USUARIO]  WITH CHECK ADD  CONSTRAINT [FK_USUARIO_PERFIL] FOREIGN KEY([ID_PERFIL])
REFERENCES [dbo].[PERFIL] ([ID])
GO
ALTER TABLE [dbo].[USUARIO] CHECK CONSTRAINT [FK_USUARIO_PERFIL]
GO
USE [master]
GO
ALTER DATABASE [PRUEBA_TECNICA] SET  READ_WRITE 
GO
